title,tutor_name
Instrumental Music,Oliver Allcott
Language Arts,Luna Varndell
Instrumental Music,Celina Gosling
English IV,Lynn Collis
Art,Zoe Robertson
Dramatics,Peter Tyler
Sociology,Benjamin Rodwell
Art,Mavis Adams
LOGIC,Georgia Morris
Grammar,David Miller
Trigonometry,Matthew Turner
Trigonometry,Marvin Kerr
Instrumental Music,Bart Walter
Earth Science,Natalie Nicolas
Instrumental Music,Naomi Funnell
Ancient Civilizations,Oliver Milner
Design and technology,Hazel Dann
French,Julianna Casey
Geography,Chester Jackson
Resource Program,Brad Graves
Grammar,Florence Dubois
Geography,Ryan Noon
Trigonometry,Hank Mitchell
Economics,Belinda Uddin
Health,Liliana Jeffery
American Literature,Maxwell Little
Science,Rocco Irving
Ecology,Analise Roberts
English IV,Oliver Becker
Instrumental Music,Tony Downing
Instrumental Music,Ciara Mcguire
Economics,Benjamin Robinson
Science,Goldie Yard
Speech,Sabrina Holmes
Leadership,Russel Shields
Latin,Megan Shaw
Health,Peter Mitchell
Economics,Violet Durrant
Speech,Stacy Fulton
American Literature,Noah Ulyatt
Ancient Civilizations,Freya Ralph
Modern Literature,Quinn Doherty
Health,Erick Miller
Physical Education,Danny Gray
American Literature,Angel Davies
Instrumental Music,George Baxter
Ancient Civilizations,Rose Mcneill
Trigonometry,Henry Poole
Dramatics,Rhea Sloan
Geography,Daron Middleton
Dramatics,Shannon Truscott
Design and technology,Manuel Barrett
Design and technology,Marigold Powell
History,Bree Casey
Earth Science,Hailey Thompson
Accounting,Bob Vallory
Mathematics,Lauren Lucas
LOGIC,Abdul Emerson
English IV,Sonya Antcliff
Ancient Civilizations,Rachael Thomas
Ecology,Oliver Mcleod
Mathematics,Ramon Alcroft
Music,Anthony Quinton
Resource Program,Josh Connor
Instrumental Music,Luna Smith
Geography,Mandy Rivers
Mathematics,Kimberly Uttley
Economics,Rowan Connell
English IV,Emmanuelle Archer
Leadership,Tom Kelly
Grammar,Henry Drake
Accounting,Valerie Grady
French,Nate Walsh
Resource Program,Katelyn Roberts
French,John Brown
Spanish,Tom Brooks
Economics,Rick Emmett
Latin,Oliver Emmett
Basic Math,Daniel Robinson
Speech,Marilyn Richards
LOGIC,Vivian Knight
Latin,Danielle Shaw
Ancient Civilizations,Gwenyth Speed
Earth Science,Hanna Robertson
Resource Program,Daron Murphy
History,Robyn Rogers
Ancient Civilizations,Angel Khan
LOGIC,Aiden Alldridge
Resource Program,Elijah Wellington
Economics,Barney Harper
Handwriting,Hannah Andersson
Modern Literature,Percy Cattell
Ancient Civilizations,Logan Hepburn
Accounting,Johnny Uddin
American Literature,Ryan Roscoe
Geography,Mason Nicholls
Modern Literature,Rihanna Parker
Modern Literature,Leroy Shepherd
Economics,Rosie Drake
Ecology,Julian Lane
Mathematics,Eduardo Sinclair
English IV,Remy Wright
Music,Rocco Carpenter
English IV,Kaylee Gonzales
Health,Benjamin Warden
American Literature,Adalie Amstead
Sociology,Lucas Rowe
Science,George Jackson
Health,Leanne Simpson
American Literature,Cedrick Robinson
Earth Science,Nick Mcguire
American Literature,Melinda Evans
Instrumental Music,Matthew Spencer
Art,Bart Redwood
Ancient Civilizations,Melody Rivers
Design and technology,Michelle Wigley
Ecology,Julian Butler
Speech,Goldie Patel
Modern Literature,Ruby Adams
Spanish,Daron Jacobs
Handwriting,Bethany Russel
Spanish,Chad Fulton
Music,Nick Davies
Instrumental Music,Vivian Morley
German,Penny Kennedy
Basic Math,Audrey Holt
French,Maria Wilcox
Grammar,Aiden Radley
English IV,Chadwick Callan
German,Logan Booth
Basic Math,Jacqueline Sherry
Spanish,Faith Mcgee
American Literature,Jocelyn Payne
Earth Science,Harry Goodman
Dramatics,Daphne Stubbs
Trigonometry,Marina Jones
Spanish,Evelynn Lynn
Accounting,Aisha Reyes
Ecology,Julius Uttley
Resource Program,Sage Whittle
Spanish,Tyson Wheeler
Art,Payton Kent
Latin,Domenic Woodley
LOGIC,Rocco Brown
Speech,Alexander Walsh
Handwriting,Caleb Weldon
Basic Math,Marilyn Yarlett
Ecology,Martin Walter
LOGIC,Elly King
Earth Science,Nicholas Salt
American Literature,Mason Moreno
Design and technology,Hannah Rixon
Science,Johnathan Drummond
LOGIC,Tyler Carpenter
Accounting,Michael Snow
Art,Martin Dunbar
Accounting,Brooklyn Herbert
Health,Jessica Rowe
Modern Literature,Domenic Kirby
Handwriting,Nina Warren
Health,Nate Wellington
French,Georgia Welsch
Accounting,Cristal Stuart
Geography,Chuck Rowan
Ancient Civilizations,Maxwell James
Language Arts,Makena Grady
Resource Program,Emerald Asher
Art,Remy Gilmore
Speech,Samara Seymour
Art,Rosalyn Fox
Music,Janice Murray
Instrumental Music,Manuel Dunbar
Ecology,Maribel Dobson
Grammar,Piper Shields
English IV,Carol Ward
Accounting,Ethan Broomfield
Ancient Civilizations,Rachael Stewart
Resource Program,Brad Lomax
Ancient Civilizations,Willow Walter
Geography,Bart Crawford
Ecology,Carter Alcroft
Resource Program,Bob Styles
Leadership,Hayden Adams
Ecology,Gabriel Thorpe
Economics,Marissa Oswald
Ecology,Doug Moss
Geography,Ronald Robinson
Science,Maia Johnson
Ecology,Grace Porter
Sociology,Nick Allington
Earth Science,Oliver Eagle
Art,Rihanna Bright
Music,George Simpson
Ecology,Clint Emerson
Accounting,Lauren Thorpe
American Literature,Jasmine Williams
Speech,Cassandra Shaw
Grammar,Joy Ward
English IV,Carol Dowson
Language Arts,Fiona Farrant
Dramatics,Payton Reyes
History,Rae Casey
Ecology,Mya Price
German,Sebastian Roscoe
Geography,Florence Talbot
Mathematics,Mabel Welsch
Trigonometry,Ramon Pope
Ancient Civilizations,Rae Dubois
Ecology,Lana Ebden
Ecology,Michaela Stanton
German,Susan Gates
Physical Education,Alessia Hooper
Latin,Candice Shaw
Design and technology,Valerie Osmond
Mathematics,Carl Utterson
Basic Math,Eileen Hopkins
Latin,Oliver Alcroft
Art,Chloe Bristow
Grammar,Mackenzie Boyle
LOGIC,Naomi Hill
American Literature,Chester Hilton
Grammar,Nathan Radley
Latin,Benny Maxwell
LOGIC,Nicholas Yates
Music,Tony Drake
Ecology,Britney Blythe
History,Oliver Olivier
Basic Math,Carter Ingram
Instrumental Music,Melanie Allen
Geography,Tyler Allen
Modern Literature,Phillip Holmes
Spanish,Adela Jarvis
Ecology,Isla Wright
Ecology,Aiden Knight
Modern Literature,Eden Oldfield
Language Arts,Jackeline Jobson
Language Arts,Emma Russell
German,Maribel Barrett
Art,Jacqueline Healy
Mathematics,Angel Richards
History,Shay Varndell
Speech,Penelope Rothwell
American Literature,Livia Carpenter
Instrumental Music,Cassandra Kidd
Health,Mya Graham
Accounting,Erin Skinner
Dramatics,Bart Parker
Accounting,Hayden Weston
American Literature,Mark Brooks
Accounting,Penny Ranks
Trigonometry,Mark Kerr
Economics,Logan Carter
Accounting,Miriam Murphy
Art,Sadie Brennan
Spanish,Sasha Lindsay
Mathematics,Bryon Cooper
Economics,Joseph Martin
Modern Literature,Megan Ellwood
English IV,Rhea Devonport
Economics,Barry Hogg
Trigonometry,Adelaide Little
Accounting,Matt Evans
Modern Literature,Sabrina Burnley
Music,Stephanie Edler
Accounting,Rae Ross
Sociology,Iris Robe
Sociology,Harvey Wigley
Leadership,Jane Lynn
Resource Program,Gil Walsh
Geography,Aiden Purvis
Mathematics,Fred Thompson
Earth Science,Chuck Mccall
Resource Program,Tyler Phillips
Trigonometry,Julian Ellis
Health,Joseph Simpson
Accounting,Aiden Radley
Trigonometry,Rosalee Chapman
Grammar,Keira Patel
Handwriting,Chester Watt
Economics,Kieth Ward
Language Arts,Boris Webster
German,Jacqueline Power
History,Ada Saunders
Dramatics,Carmella Benfield
German,Parker Warner
English IV,Alexander Whinter
LOGIC,Rosalyn Ballard
Mathematics,Daron Harrison
Resource Program,Cadence Rainford
Ancient Civilizations,Martha Dann
Design and technology,Luna Miller
Dramatics,Hayden Kelly
Ancient Civilizations,Audrey Henderson
Dramatics,Florence Radcliffe
Latin,Rocco Watson
Speech,Harry Vane
American Literature,Jayden Gordon
French,Joseph Dillon
Music,Ciara Noon
Spanish,Nate Appleton
Resource Program,Caleb Bell
Art,Kieth Dowson
Resource Program,Wade Rodgers
Music,Darlene Gordon
Resource Program,Chuck Mills
Mathematics,Julian Gordon
Handwriting,Ron Daniells
Accounting,Gil Yarlett
German,Barry Jones
French,Erick Mitchell
Sociology,Matt Price
Accounting,Hayden Wheeler
Spanish,Mark Cassidy
Modern Literature,Chadwick Uttridge
Health,Eryn Hilton
Geography,Harriet Holmes
Sociology,Tyson Poole
Ancient Civilizations,Monica Gallacher
Art,Gwenyth Farrow
Speech,Amelia Jarrett
Basic Math,Jolene Warner
Geography,Sage Andrews
Dramatics,Cristal Weatcroft
Design and technology,Johnathan Cox
History,Nicholas Blythe
Physical Education,Parker Robinson
Ecology,Doug Ward
History,Jessica Connell
Physical Education,Boris Willis
Ancient Civilizations,Aisha Barclay
LOGIC,Martin Osmond
Resource Program,Martin Lewis
Leadership,Julian Forth
Ancient Civilizations,Phillip Eddison
Mathematics,Shelby Sawyer
Sociology,Johnathan Simpson
Music,Katelyn Benfield
Accounting,Noah Cobb
Speech,Tyler Carter
Instrumental Music,Vicky Rigg
LOGIC,Vivian Stewart
German,Chester Riley
Handwriting,Carolyn Dubois
Mathematics,George Norris
Leadership,Marvin Villiger
Spanish,Daniel Speed
Language Arts,Javier Sylvester
Science,Jolene Plant
Art,Bernadette Brennan
Design and technology,Gabriel Miller
French,Anthony Smith
American Literature,Johnny Marshall
Sociology,John Mooney
Ecology,Sebastian Jarrett
Geography,George Stewart
Economics,Lorraine Garner
Accounting,Emery Flynn
Music,Mark Farrant
Latin,Brad Rust
Language Arts,Harvey Niles
Trigonometry,Maribel Silva
Science,Benny Howard
American Literature,Nicholas Morris
History,Gwen Stanley
Ancient Civilizations,Maddison Murray
Speech,Megan Wise
Modern Literature,Martin Rixon
Science,Ronald Pitt
Economics,Ada Gray
Science,Oliver Broomfield
Basic Math,Carolyn Eastwood
Instrumental Music,Hayden Salt
Trigonometry,Celia Pearce
Grammar,Rosemary Fox
Instrumental Music,Brad Holmes
LOGIC,Sofia Young
Leadership,Maia Hood
Instrumental Music,Joseph Vollans
History,Isabella Woodcock
Geography,Norah Terry
Resource Program,Emmanuelle Reid
Physical Education,George Emerson
Earth Science,Aleksandra Drake
Accounting,Sebastian Emmott
Economics,William Faulkner
Latin,Liam Nielson
Modern Literature,Joseph Robinson
Grammar,Dasha Phillips
German,Julian Rehman
Leadership,Hadley Stewart
Grammar,Julius Knott
Speech,Vicky Glynn
Dramatics,Kirsten Victor
Design and technology,Gemma Craig
Spanish,Abdul Dunbar
American Literature,Rosie Richards
Speech,Rita Sloan
Economics,Dani Roberts
English IV,Dalia Fox
Ecology,Ethan Gilbert
Health,Lucas Holt
LOGIC,Adela Hardwick
French,Alex Glass
Design and technology,Kieth Antcliff
History,Carter Reynolds
Geography,Livia Blackwall
Mathematics,Chuck Wright
Grammar,Daniel Bradshaw
Earth Science,Livia Chadwick
Music,Bob Varley
Geography,Fiona Bradshaw
Science,Elena Middleton
Design and technology,Trisha Quinnell
Handwriting,Vivian Anderson
Spanish,Lynn Payne
Dramatics,Isabel Mitchell
Mathematics,Bryon Dubois
Art,Esmeralda Mann
Basic Math,Courtney Giles
Speech,Liam Quinton
Speech,Johnny Flynn
Spanish,Isabella Notman
Handwriting,Nick Carson
Handwriting,Jenna Potter
Ancient Civilizations,Denis Attwood
English IV,Erica Chappell
Health,Jaylene Ebden
American Literature,Leroy Mould
Art,Leroy Everett
Grammar,Owen Clifton
Trigonometry,Juliet Slater
Instrumental Music,Phillip Knight
Handwriting,Maria Fulton
Dramatics,Bridget Mould
Design and technology,Lucas Emerson
Trigonometry,Peter Slater
Earth Science,Holly Marshall
Ecology,Chris Cavanagh
American Literature,Enoch Adams
Accounting,Josh Osmond
Trigonometry,Esmeralda Tennant
Resource Program,Henry Fulton
Mathematics,Aurelia Jenkin
German,Chester Kerr
Geography,Colleen Brooks
Mathematics,Carter Kirby
Handwriting,Anabelle Stevens
LOGIC,Nina Simmons
Design and technology,Chad Stubbs
Science,Cassidy Kelly
Physical Education,Jack Wood
American Literature,Aiden Varley
Design and technology,Carissa Wills
Latin,Jacqueline Snell
Earth Science,Fred Reynolds
Mathematics,Harry Alcroft
Speech,Daron Long
Science,Cedrick Daniells
Geography,Tyson Payne
French,Marla Richards
Modern Literature,Fred Mann
Latin,Mayleen Coleman
Instrumental Music,Alan Woodley
History,Julian Dwyer
Economics,Luke Riley
Modern Literature,Kirsten Riley
Sociology,Vicky Welsch
Handwriting,Johnathan Lowe
Basic Math,Julian Morris
Health,Dorothy Farmer
Sociology,Deborah Ward
Ecology,Lara Coates
Basic Math,Carla Osmond
Spanish,Michael Connell
Latin,Mabel Pearce
Geography,Benny Wheeler
Geography,Rufus Martin
Earth Science,Chad Redwood
Mathematics,Erick Kelly
Latin,Mike Blackwall
Trigonometry,Quinn Ianson
Science,Henry Noach
History,Ronald Clifton
Speech,Kieth Lane
Health,Rocco Jefferson
Sociology,Boris Irwin
Ecology,Barry Thompson
Design and technology,Peter Clifford
Mathematics,Boris Poole
English IV,Kieth Eyres
Ecology,Luke Wigley
Accounting,Jacob Varley
Design and technology,Chuck Richardson
LOGIC,Kaylee Townend
Economics,Karla Gibbons
English IV,Cedrick Addis
Instrumental Music,George Gordon
Earth Science,Henry Holt
Latin,Jade Griffiths
Physical Education,Analise Fall
Trigonometry,Callie Poulton
German,Gil Smith
Leadership,Gemma Edwards
American Literature,Josh Lee
French,Maya Gunn
Latin,Angel Harper
Health,Benjamin Norman
Geography,Manuel Murphy
Science,Jenna Brown
Accounting,Carter Hancock
History,Rosie Locke
Language Arts,Nicholas Hopkins
Music,Violet Kelly
Economics,Doug Swift
French,Ada Adams
LOGIC,Nate Larkin
Leadership,Valentina Gonzales
Ecology,Martin Simpson
Design and technology,Gabriel Camden
LOGIC,Alex Corbett
Geography,Sofie Greenwood
Trigonometry,Maya Veale
Earth Science,Chad Edwards
Speech,Moira Ballard
Instrumental Music,Benny Chapman
French,Leah Abbey
Latin,Liliana Willis
Modern Literature,Erick Price
Science,Candice Reading
Health,Ryan Olivier
Music,Jacqueline Yarwood
American Literature,Caleb Exton
American Literature,Ronald Fox
Latin,Tyson Moore
Earth Science,Ronald Snow
Earth Science,Denny Hall
Mathematics,Kurt Jordan
Dramatics,Elena Durrant
Design and technology,Mark Wood
Music,Clint Allen
Speech,Percy Squire
Science,Kurt Kennedy
Leadership,George Reynolds
English IV,Benjamin Quinton
English IV,David Flynn
Mathematics,Fiona Skinner
Instrumental Music,Bryon Murray
Handwriting,Gladys Olivier
Ecology,Samara Rycroft
Geography,Marvin Rogers
Modern Literature,Penny Fleming
Art,Kassandra Lane
History,Claire Jackson
Resource Program,Chester Duvall
Resource Program,John Hudson
Physical Education,Savannah Dubois
Design and technology,Barney Martin
History,Rick Yarwood
Dramatics,Charlotte Talbot
Trigonometry,Maia Wade
Economics,Bart Woodley
American Literature,Chad Donovan
Accounting,Davina Walker
Spanish,Rick Johnson
Earth Science,Jaylene Blythe
Basic Math,Mara Cox
Trigonometry,Peter Stanton
Resource Program,Bart Wise
History,Wendy Murphy
Health,Lexi Smith
Spanish,Kimberly Hobson
Modern Literature,Alba Redfern
Latin,Lara Ripley
American Literature,Rachael Morris
Art,Enoch Tutton
LOGIC,Elise Ingham
German,Wendy Eaton
German,Joseph Taylor
American Literature,Anabelle Benson
Economics,Abdul Higgs
German,Liliana Neville
Earth Science,Michelle Ellison
Modern Literature,Mark Wood
Basic Math,Evie Hunter
Mathematics,Ethan Lyon
French,Domenic Pond
American Literature,Chester Nobbs
American Literature,Nick Groves
Sociology,Denny Weasley
Health,Bart Corbett
French,Lucas Thatcher
English IV,Nicholas Nielson
Modern Literature,Trisha Corbett
Trigonometry,George Leslie
Instrumental Music,Logan Bolton
English IV,Ellen Walsh
Trigonometry,Gwen Upsdell
Modern Literature,Chadwick Reese
Geography,Allison Sinclair
Earth Science,Candice Tanner
German,Clint Allcott
English IV,Domenic Evans
English IV,Chanelle Ellwood
Language Arts,Georgia Dyson
Ancient Civilizations,Leroy Ainsworth
Dramatics,Lynn Rossi
LOGIC,Mike Johnson
Modern Literature,Josh Willson
Language Arts,Elise Newton
French,Peter Farrant
Dramatics,Penelope Welsch
Design and technology,Vivian Purvis
German,Eileen Parker
Speech,Angel Little
Design and technology,Hailey Davies
Sociology,Marissa Higgs
Economics,Adeline Murray
Ancient Civilizations,Sadie Upton
Handwriting,Bart Evans
Ancient Civilizations,Brad Selby
Science,Skylar Mitchell
German,Eduardo Victor
Science,Sage Wooldridge
Resource Program,Phillip Yarlett
Ecology,Javier Kerr
Music,Mark Beal
Latin,Erick Morrow
Geography,Abdul Kennedy
Modern Literature,Luke Thornton
Physical Education,Bob Holt
Basic Math,Mark Brett
French,Joyce Gilmour
Handwriting,Alice Asher
Ancient Civilizations,Denny Shea
Resource Program,Mark Alldridge
Speech,Goldie Jobson
Mathematics,Jayden Burnley
Music,Mason Weldon
LOGIC,Callie Pierce
History,Ron Furnell
Health,Daniel Bradley
Instrumental Music,Clint Parr
Economics,Marissa Donnelly
Ancient Civilizations,Anthony Addis
Basic Math,Rosie Mann
Trigonometry,Johnathan Wren
Language Arts,Kieth Becker
Music,Stella Burnley
Leadership,Ruby Weston
Modern Literature,Freya Sylvester
Modern Literature,Ellen Walker
American Literature,George Abbey
Economics,Lucas Lane
Grammar,Eduardo Bennett
LOGIC,Elisabeth Ulyatt
American Literature,Maxwell Sanchez
Grammar,Nate Pickard
Music,Sage Olivier
Spanish,Sabrina Goldsmith
Grammar,Maxwell Martin
Physical Education,Russel Morgan
Music,Marie Andrews
Economics,Phillip Lane
Ecology,Leslie Parker
Earth Science,Jack Barrett
French,Martin Neal
Grammar,Fred Matthews
Accounting,Sabina Farrant
Modern Literature,Mason Gilmore
Trigonometry,Michael Johnson
Design and technology,Holly Stuart
History,Alexander Ripley
Basic Math,Florence Bloom
Geography,Molly Cork
LOGIC,Wade Gilmour
Science,Ron Allcott
Physical Education,Dorothy Dixon
French,Bart Taylor
Science,Karla Ulyatt
German,Doug Campbell
Science,Raquel Shields
Music,Irene Bailey
Art,Jazmin Coll
Physical Education,Benjamin Allen
Mathematics,Melody Mullins
Leadership,Catherine Osmond
Leadership,Henry Huggins
French,Payton Lakey
American Literature,Ethan Keys
History,Gloria Harper
Trigonometry,Barney Broomfield
Sociology,Manuel Saunders
Resource Program,Liliana Attwood
Language Arts,Ally Booth
Music,Gwenyth Edler
Instrumental Music,Denis Campbell
Spanish,Carolyn Hudson
Music,Gabriel Harris
French,Julius Woodley
Instrumental Music,Aiden Power
Ecology,Clint Hood
Language Arts,Paula Ross
English IV,Matthew Durrant
Resource Program,Benjamin Collingwood
Latin,Josh Pierce
Dramatics,Nicholas Quinn
Dramatics,Chuck Edler
Speech,Alexander Wise
Leadership,Thea Vallory
Latin,Dorothy Donovan
Resource Program,Hank Wooldridge
Instrumental Music,Emma Ripley
Latin,Benjamin Farmer
Ancient Civilizations,Sienna Wilde
Sociology,Henry Flett
Dramatics,Valentina Woodley
Latin,Jack Jobson
Design and technology,Russel Ingram
Health,Colleen Shields
Mathematics,Bryce Moore
Ecology,Aisha Drummond
Instrumental Music,Hannah Wheeler
Basic Math,Cassidy Niles
Spanish,Chad Ripley
Grammar,Hazel Norton
Latin,Benjamin Cooper
Instrumental Music,Josephine Crawley
Mathematics,Leroy Salt
Modern Literature,Martin Marshall
Latin,Jacob Notman
Geography,Julius Blackwall
Mathematics,Greta Gibbons
French,Ron Jeffery
Sociology,Caitlyn Thorne
Basic Math,Tiffany Rees
Speech,Anthony Jefferson
Accounting,Ivy Ingram
German,Crystal Veale
Accounting,Rufus Stevenson
Leadership,Teagan Dwyer
Physical Education,Matt Carson
Trigonometry,Manuel Patel
Spanish,Molly Morgan
American Literature,Elijah Shields
Grammar,Victoria Cork
Leadership,Oliver Verdon
Spanish,Wade Victor
Mathematics,Peter Lucas
Ecology,Domenic Price
Leadership,Elijah Hopkinson
Economics,Mona Cox
History,Russel Coates
Geography,Javier Edwards
Design and technology,Luke Garcia
Latin,Clint Savage
Trigonometry,Martha Yarlett
Trigonometry,Alan Walton
American Literature,Morgan Chadwick
Art,Rocco Kelly
History,John Anderson
Latin,Boris Reid
Art,Rachael Slater
Health,Leroy Appleton
Mathematics,Alison Little
Ancient Civilizations,Brooklyn Khan
Trigonometry,Jazmin Richards
American Literature,Daniel Wellington
German,Andie Robinson
Physical Education,Christine Zaoui
LOGIC,Alexander Murphy
Physical Education,Joseph Power
American Literature,Chad Mason
Dramatics,Leroy Cattell
Leadership,Ally Samuel
English IV,Penny Bell
Economics,Johnathan Holmes
Health,Grace Rainford
Dramatics,Denny Forth
Ecology,Isla Styles
Ecology,Clint Rainford
Language Arts,Danny Moreno
Language Arts,Leroy Rogers
Dramatics,Gil Butler
Instrumental Music,Melody Robe
Resource Program,Hazel Logan
Music,Elijah Stone 
German,Boris Gordon
Ecology,Louise Umney
Sociology,Callie Denton
Sociology,Aleksandra Needham
Mathematics,Enoch Wood
Resource Program,Benny Whitmore
Health,Erick Utterson
Basic Math,Ramon Robinson
English IV,Parker Moran
Physical Education,Abbey Ulyatt
German,Danny Morley
Modern Literature,Wade Norton
French,Lily Evans
Instrumental Music,Rocco York
Latin,Danny Reese
Design and technology,Felicity Payne
Design and technology,Gladys Tate
Science,Liam Collins
Spanish,Amy Avery
Science,Johnny Spencer
Science,Javier Donnelly
Sociology,Josh Benfield
LOGIC,Daphne Watson
Physical Education,Ethan Bayliss
Sociology,Carl Payne
Instrumental Music,Angel Collins
Grammar,Benny Uttridge
Economics,Jayden Knott
Trigonometry,Brad Ellison
Basic Math,Nicole Baker
Geography,Hannah Chadwick
Resource Program,Sasha Gonzales
Geography,Rosalie Brooks
Instrumental Music,Juliet Newman
French,Juliet Rigg
History,Danny Pierce
Grammar,Lorraine Terry
Accounting,Jade Robe
Leadership,Hope Lynch
Speech,Madelyn Whatson
Grammar,Josh Miller
English IV,Anabel Savage
Dramatics,Daniel Collis
American Literature,Jacob Wise
Instrumental Music,Tyson Skinner
German,Oliver Wade
Modern Literature,Ivy Grady
Health,Matthew Warren
Handwriting,Mark Yarwood
Grammar,Carla Rees
Dramatics,Nate Bryant
Health,Maya Farrow
Speech,Hailey Farrow
Music,Phoebe Gilmore
LOGIC,Kurt Ashley
Music,Russel Latham
Handwriting,Sloane Brown
Ecology,Makena Baker
German,Enoch Harvey
Handwriting,Wade Ripley
Earth Science,Leroy Oliver
Trigonometry,Mason Wellington
Design and technology,Ivy Addison
Music,Benny Craig
Music,Fred Dubois
Geography,Brad Everett
Sociology,Stella Hamilton
Earth Science,Michael Truscott
Basic Math,Violet Carpenter
Language Arts,Javier Snow
Speech,Melanie Daniells
Spanish,Owen Gibbons
Earth Science,Sara Butler
Physical Education,Bernadette Bright
Handwriting,Ruby Vane
Trigonometry,Carl Bell
French,Kirsten Chapman
Physical Education,Abbey Ranks
Economics,Jack Selby
English IV,Nathan Russel
Leadership,Jack Lunt
Handwriting,Felicity Harrison
Physical Education,Rocco Jacobs
Physical Education,Carrie Thorne
Instrumental Music,Marjorie Edwards
Handwriting,Isabel Lowe
English IV,Tyson Sloan
English IV,Macy Downing
American Literature,Ethan Radley
German,Barry Ranks
Health,Jasmine Mcgee
German,Carl Lewin
Health,Rebecca Thomas
Modern Literature,Nicholas Butler
History,George Owen
Handwriting,Hank Warren
LOGIC,Tara Blythe
Handwriting,Jazmin Vince
American Literature,Esmeralda Henderson
Economics,Gemma Little
Grammar,Marina Flett
Accounting,Tony Shaw
Speech,Cedrick Morris
Accounting,Erick Lewin
Ecology,Julian Kennedy
Handwriting,Mina Tyrrell
LOGIC,Liam Stewart
Art,Lindsay Watson
Basic Math,Josephine Potts
LOGIC,Enoch Leigh
Grammar,Josephine Matthews
Trigonometry,Samantha Wild
Art,Belinda Carpenter
Instrumental Music,Victoria Patel
Art,Abbey Reynolds
Physical Education,Maxwell Lambert
Health,Fiona Flett
Art,Scarlett Wood
Sociology,Gabriel Wade
Language Arts,Kurt Williams
Handwriting,Erin Addley
Instrumental Music,Juliette Underhill
Geography,Lillian Wright
French,Georgia Whittle
Physical Education,Emma Woods
Ancient Civilizations,Jack Tobin
Sociology,Domenic Lloyd
Physical Education,Peter Atkinson
Speech,Maddison Ingram
Instrumental Music,Julius Foxley
English IV,Russel Devonport
Physical Education,Nicole Goldsmith
Language Arts,Russel Stevenson
Mathematics,Leah Yates
Handwriting,Anthony Asher
Design and technology,David Richards
Language Arts,Piper Wren
LOGIC,Hank Gonzales
Handwriting,Hadley Quinnell
Geography,Abdul Walsh
Sociology,William Hardwick
Sociology,Ema Harper
English IV,Maia Flack
Accounting,Clint Mills
Handwriting,Lauren Harper
Spanish,Stephanie Edley
Health,Jacqueline Potts
Leadership,Gladys Morris
Latin,Julian Jenkins
Geography,Russel Bright
Geography,Benny Kirby
Leadership,Jolene Farmer
Spanish,Erick Santos
Design and technology,Nick Wheeler
Mathematics,Camila Swan
Modern Literature,Catherine Villiger
Language Arts,Ema Underhill
Basic Math,Tyson Miller
Basic Math,Celia Yang
Health,Bart Zaoui
Ecology,Johnny Cann
Spanish,Chester Mills
Mathematics,Kurt Giles
American Literature,Enoch Ballard
German,Scarlett Ulyatt
Modern Literature,Tyler Poulton
Trigonometry,Nate Farmer
Handwriting,Bart Thompson
Modern Literature,Benny Lynch
English IV,Bernadette Edley
French,Lorraine Gardner
Design and technology,Oliver Woods
Modern Literature,Kate Nobbs
German,Rebecca Mooney
American Literature,Elly Trent
Leadership,Parker Emerson
Geography,Marvin Walsh
Trigonometry,Chester Gregory
Spanish,John Ramsey
Physical Education,Carol Andersson
Design and technology,Rufus Mcgee
Spanish,Naomi Miller
LOGIC,Julian Bryant
Ancient Civilizations,Livia Woodcock
Design and technology,Mark Hobbs
Geography,Alexander Daniells
Design and technology,Tyler Tennant
French,Gina Mitchell
Music,Phillip Neal
Music,Chris Shields
Art,Danny Garcia
Dramatics,Angelica Groves
Instrumental Music,Jack Vane
History,Joseph Sawyer
Dramatics,Maddison Milner
English IV,Monica Bolton
Language Arts,David Oldfield
Ecology,Kirsten Adams
LOGIC,Louise Clarke
Leadership,Agnes Swan
Mathematics,Chad Huggins
English IV,Manuel Ventura
Accounting,Clint Cooper
Ancient Civilizations,Harry Alldridge
Ancient Civilizations,Carter Yard
Music,Candice Walsh
Economics,John Attwood
Latin,Eden Parker
Instrumental Music,Cynthia Thompson
German,Rebecca Yang
Spanish,Jenna Watson
LOGIC,Sydney Moore
Resource Program,Aeris Asher
LOGIC,Rocco Drake
